{"cameraMode":{"drawMode":0,"name":"Shaded","section":"Shading Mode"},"sceneLighting":true,"audioPlay":false,"sceneViewState":{"m_AlwaysRefresh":false,"showFog":true,"showSkybox":true,"showFlares":true,"showImageEffects":true,"showParticleSystems":true,"showVisualEffectGraphs":true,"m_FxEnabled":true},"in2DMode":false,"pivot":{"x":-0.2316853106021881,"y":2.2301387786865236,"z":-0.9909529685974121},"rotation":{"x":-0.002705501625314355,"y":-0.9961022138595581,"z":0.08236584812402725,"w":-0.032269757241010669},"size":3.0587100982666017,"orthographic":false}